$$Product.Name$ProductCategory.Name$Catalog.Name,Catalog.Name,CatalogId,CurrencyIsoCode,Id,Product.Name,ProductCategory.$$Name$ParentCategory.Name,ProductCategoryId,ProductId
Additional API Gov;API;Software,Software,0ZS3y000000bpS2GAI,USD,0ZR3y000000bswWGAQ,Additional API Gov,API,0ZG3y000000bpTTGAY,01t3y000007r7DEAAY
Additional API Pre-Prod;API;Software,Software,0ZS3y000000bpS2GAI,USD,0ZR3y000000bswXGAQ,Additional API Pre-Prod,API,0ZG3y000000bpTTGAY,01t3y000007r7DDAAY
Additional API Prod;API;Software,Software,0ZS3y000000bpS2GAI,USD,0ZR3y000000bswYGAQ,Additional API Prod,API,0ZG3y000000bpTTGAY,01t3y000007r7DCAAY
API Access Requests (AEH);API;Software,Software,0ZS3y000000bpS2GAI,USD,0ZR3y000000bswZGAQ,API Access Requests (AEH),API,0ZG3y000000bpTTGAY,01t3y000007r7DHAAY
Additional API Flex (100M);API;Software,Software,0ZS3y000000bpS2GAI,USD,0ZR3y000000bswaGAA,Additional API Flex (100M),API,0ZG3y000000bpTTGAY,01t3y000007r7DFAAY
Additional Automation QB Credits;API;Software,Software,0ZS3y000000bpS2GAI,USD,0ZR3y000000bswcGAA,Additional Automation QB Credits,API,0ZG3y000000bpTTGAY,01t3y000007r7DBAAY
Additional QB DataGraph (500M);API;Software,Software,0ZS3y000000bpS2GAI,USD,0ZR3y000000bswdGAA,Additional QB DataGraph (500M),API,0ZG3y000000bpTTGAY,01t3y000007r7DGAAY
Gold Hardware Maintenance;Hardware Maintenance;Hardware,Hardware,0ZS3y000000bpS1GAI,USD,0ZR3y000000bsxAGAQ,Gold Hardware Maintenance,Hardware Maintenance,0ZG3y000000bpUMGAY,01t3y000007r7E4AAI
Silver Hardware Maintenance;Hardware Maintenance;Hardware,Hardware,0ZS3y000000bpS1GAI,USD,0ZR3y000000bsxBGAQ,Silver Hardware Maintenance,Hardware Maintenance,0ZG3y000000bpUMGAY,01t3y000007r7E2AAI
QuantumBit Enterprise;Bundle;Software,Software,0ZS3y000000bpS2GAI,USD,0ZR3y000000bswqGAA,QuantumBit Enterprise,Bundle,0ZG3y000000bpUCGAY,01t3y000007r7D0AAI
QuantumBit Business Critical;Bundle;Software,Software,0ZS3y000000bpS2GAI,USD,0ZR3y000000bswsGAA,QuantumBit Business Critical,Bundle,0ZG3y000000bpUCGAY,01t3y000007r7D1AAI
L5-20 Input Power Cable 8';Accessories;Hardware,Hardware,0ZS3y000000bpS1GAI,USD,0ZR3y000000bsweGAA,L5-20 Input Power Cable 8',Accessories,0ZG3y000000bpU7GAI,01t3y000007r7DrAAI
L5-20 Input Power Cable 12';Accessories;Hardware,Hardware,0ZS3y000000bpS1GAI,USD,0ZR3y000000bswfGAA,L5-20 Input Power Cable 12',Accessories,0ZG3y000000bpU7GAI,01t3y000007r7DqAAI
Cable Management Rings (Qty 10);Accessories;Hardware,Hardware,0ZS3y000000bpS1GAI,USD,0ZR3y000000bswgGAA,Cable Management Rings (Qty 10),Accessories,0ZG3y000000bpU7GAI,01t3y000007r7DOAAY
C19 to C20 Power Cable 5';Accessories;Hardware,Hardware,0ZS3y000000bpS1GAI,USD,0ZR3y000000bswhGAA,C19 to C20 Power Cable 5',Accessories,0ZG3y000000bpU7GAI,01t3y000007r7DpAAI
C19 to C20 Power Cable 3';Accessories;Hardware,Hardware,0ZS3y000000bpS1GAI,USD,0ZR3y000000bswiGAA,C19 to C20 Power Cable 3',Accessories,0ZG3y000000bpU7GAI,01t3y000007r7DoAAI
C13 to C14 Power Cable 5';Accessories;Hardware,Hardware,0ZS3y000000bpS1GAI,USD,0ZR3y000000bswjGAA,C13 to C14 Power Cable 5',Accessories,0ZG3y000000bpU7GAI,01t3y000007r7DnAAI
C13 to C14 Power Cable 3';Accessories;Hardware,Hardware,0ZS3y000000bpS1GAI,USD,0ZR3y000000bswkGAA,C13 to C14 Power Cable 3',Accessories,0ZG3y000000bpU7GAI,01t3y000007r7DmAAI
Cable Containment Brackets;Accessories;Hardware,Hardware,0ZS3y000000bpS1GAI,USD,0ZR3y000000bswlGAA,Cable Containment Brackets,Accessories,0ZG3y000000bpU7GAI,01t3y000007r7DQAAY
"Vertical Cable Organizer, 8 Cable Rings;Accessories;Hardware",Hardware,0ZS3y000000bpS1GAI,USD,0ZR3y000000bswmGAA,"Vertical Cable Organizer, 8 Cable Rings",Accessories,0ZG3y000000bpU7GAI,01t3y000007r7DPAAY
QuantumShell 10U 600mmx1200mm;Accessories;Hardware,Hardware,0ZS3y000000bpS1GAI,USD,0ZR3y000000bswnGAA,QuantumShell 10U 600mmx1200mm,Accessories,0ZG3y000000bpU7GAI,01t3y000007r7DTAAY
QuantumShell 8U 600mmx1070mm;Accessories;Hardware,Hardware,0ZS3y000000bpS1GAI,USD,0ZR3y000000bswoGAA,QuantumShell 8U 600mmx1070mm,Accessories,0ZG3y000000bpU7GAI,01t3y000007r7DSAAY
QuantumShell 6U 600mmx870mm;Accessories;Hardware,Hardware,0ZS3y000000bpS1GAI,USD,0ZR3y000000bswpGAA,QuantumShell 6U 600mmx870mm,Accessories,0ZG3y000000bpU7GAI,01t3y000007r7DRAAY
Gold Hardware Maintenance;Maintenance;Software,Software,0ZS3y000000bpS2GAI,USD,0ZR3y000000bsx5GAA,Gold Hardware Maintenance,Maintenance,0ZG3y000000bpUHGAY,01t3y000007r7E4AAI
***QuantumBit Starter Bundle;API;Software,Software,0ZS3y000000bpS2GAI,USD,0ZR3y000000bsxPGAQ,***QuantumBit Starter Bundle,API,0ZG3y000000bpTTGAY,01t3y000007r7NLAAY
QuantumBit Starter;Bundle;Software,Software,0ZS3y000000bpS2GAI,USD,0ZR3y000000bswvGAA,QuantumBit Starter,Bundle,0ZG3y000000bpUCGAY,01t3y000007r7N6AAI
Silver Hardware Maintenance;Maintenance;Software,Software,0ZS3y000000bpS2GAI,USD,0ZR3y000000bsx0GAA,Silver Hardware Maintenance,Maintenance,0ZG3y000000bpUHGAY,01t3y000007r7E2AAI
QuantumBit Essentials Training;Training;Software,Software,0ZS3y000000bpS2GAI,USD,0ZR3y000000bsxFGAQ,QuantumBit Essentials Training,Training,0ZG3y000000bpURGAY,01t3y000007r7E8AAI
QuantumBit Fundamentals Training;Training;Software,Software,0ZS3y000000bpS2GAI,USD,0ZR3y000000bsxGGAQ,QuantumBit Fundamentals Training,Training,0ZG3y000000bpURGAY,01t3y000007r7E7AAI
Additional API;API;Software,Software,0ZS3y000000bpS2GAI,USD,0ZR3y00000009xaGAA,Additional API,API,0ZG3y000000bpTTGAY,01t3y000006XnK1AAK
QuantumBit Complete Solution;Bundle;Software,Software,0ZS3y000000bpS2GAI,USD,0ZR3y00000009xfGAA,QuantumBit Complete Solution,Bundle,0ZG3y000000bpUCGAY,01t3y000006XnK6AAK
Intel X710 Dual Port 10Gb Direct Attach;Network Adapter;Hardware,Hardware,0ZS3y000000bpS1GAI,USD,0ZR3y00000009yyGAA,Intel X710 Dual Port 10Gb Direct Attach,Network Adapter,0ZG3y00000005k9GAA,01t3y000006Xnl1AAC
Intel X710 Dual Port 10Gb SFP;Network Adapter;Hardware,Hardware,0ZS3y000000bpS1GAI,USD,0ZR3y00000009yzGAA,Intel X710 Dual Port 10Gb SFP,Network Adapter,0ZG3y00000005k9GAA,01t3y000006XnlBAAS
1TB 7.2k RPM NLSAS;Hard Drive;Hardware,Hardware,0ZS3y000000bpS1GAI,USD,0ZR3y00000009z0GAA,1TB 7.2k RPM NLSAS,Hard Drive,0ZG3y00000005kDGAQ,01t3y000006Xnl5AAC
4TB 7.2k RPM NLSAS;Hard Drive;Hardware,Hardware,0ZS3y000000bpS1GAI,USD,0ZR3y00000009z1GAA,4TB 7.2k RPM NLSAS,Hard Drive,0ZG3y00000005kDGAQ,01t3y000006Xnl0AAC
8TB 7.2k RPM NLSAS;Hard Drive;Hardware,Hardware,0ZS3y000000bpS1GAI,USD,0ZR3y00000009zCGAQ,8TB 7.2k RPM NLSAS,Hard Drive,0ZG3y00000005kDGAQ,01t3y000006Xnl9AAC
8TB 7.2k RPM Self-Encrypting NLSAS;Hard Drive;Hardware,Hardware,0ZS3y000000bpS1GAI,USD,0ZR3y00000009zDGAQ,8TB 7.2k RPM Self-Encrypting NLSAS,Hard Drive,0ZG3y00000005kDGAQ,01t3y000006XnlAAAS
QuantumBit Services Project;Services;Services,Services,0ZS3y000000bpS6GAI,USD,0ZR3y00000009zHGAQ,QuantumBit Services Project,Services,0ZG3y00000005gfGAA,01t3y000006XnlEAAS
Configured Power Cable;Accessories;Hardware,Hardware,0ZS3y000000bpS1GAI,USD,0ZR3y000000bt1cGAA,Configured Power Cable,Accessories,0ZG3y000000bpU7GAI,01t3y000007r8HyAAI
Professional Services Daily Rate;Services;Services,Services,0ZS3y000000bpS6GAI,USD,0ZR3y00000009xHGAQ,Professional Services Daily Rate,Services,0ZG3y00000005gfGAA,01t3y000007r7EAAAY
Subscription;Subscription;Software,Software,0ZS3y000000bpS2GAI,USD,0ZR3y00000009x6GAA,Subscription,Subscription,0ZG3y00000005gBGAQ,01t3y000006Xly3AAC
Professional Services Scope of Work;Services;Services,Services,0ZS3y000000bpS6GAI,USD,0ZR3y00000009xLGAQ,Professional Services Scope of Work,Services,0ZG3y00000005gfGAA,01t3y000007r7EBAAY
32GB RDIMM;Memory;Hardware,Hardware,0ZS3y000000bpS1GAI,USD,0ZR3y00000009z7GAA,32GB RDIMM,Memory,0ZG3y00000005k8GAA,01t3y000006Xnl4AAC
8GB RDIMM;Memory;Hardware,Hardware,0ZS3y000000bpS1GAI,USD,0ZR3y00000009z8GAA,8GB RDIMM,Memory,0ZG3y00000005k8GAA,01t3y000006XnkzAAC
16GB RDIMM;Memory;Hardware,Hardware,0ZS3y000000bpS1GAI,USD,0ZR3y00000009z9GAA,16GB RDIMM,Memory,0ZG3y00000005k8GAA,01t3y000006XnkvAAC
PowerSwerve R750 Rack Server;Server;Hardware,Hardware,0ZS3y000000bpS1GAI,USD,0ZR3y00000009yPGAQ,PowerSwerve R750 Rack Server,Server,0ZG3y00000005jyGAA,01t3y000006XnkuAAC
Intel Xeon E5-2683 v4 2.1GHz;Processor;Hardware,Hardware,0ZS3y000000bpS1GAI,USD,0ZR3y00000009z2GAA,Intel Xeon E5-2683 v4 2.1GHz,Processor,0ZG3y00000005k3GAA,01t3y000006XnkqAAC
Intel Xeon E5-2667 v4 3.2GHz;Processor;Hardware,Hardware,0ZS3y000000bpS1GAI,USD,0ZR3y00000009z3GAA,Intel Xeon E5-2667 v4 3.2GHz,Processor,0ZG3y00000005k3GAA,01t3y000006XnklAAC
Intel Xeon E5-2660 v4 2.0GHz;Processor;Hardware,Hardware,0ZS3y000000bpS1GAI,USD,0ZR3y00000009z4GAA,Intel Xeon E5-2660 v4 2.0GHz,Processor,0ZG3y00000005k3GAA,01t3y000006XnkkAAC
Intel Xeon E5-2609 v4 1.7GHz;Processor;Hardware,Hardware,0ZS3y000000bpS1GAI,USD,0ZR3y00000009z5GAA,Intel Xeon E5-2609 v4 1.7GHz,Processor,0ZG3y00000005k3GAA,01t3y000006XnkfAAC
